"Abstract,Absract,Abtract,Absctract  "
"Access Modifiers,Acess Modifiers,Acces Modifiers,Access Modifers  "
"Aspect-Oriented Programming,Aspect-Orientd Programming,Aspect-Orinted Programming,Aspekt-Oriented Programming  "
"Authentication,Authentcation,Authentification,Athentication  "
"Availability,Availablity,Availibility,Avaliability  "
"Agile Software Development,Agil Software Development,Agile Softwre Development,Agile Software Developement  "
"Android Platform,Andoid Platform,Anroid Platform,Android Platfrom  "
"Android,Andoid,Anroid,Adriond  "
"Android OS,Andoid OS,Anroid OS,Adriond OS  "
"Android Debug Bridge,Andoid Debug Bridge,Anroid Debug Bridge,Adriond Debug Bridge  "
"Access Control List (Microsoft),Acess Control List (Microsoft),Acces Control List (Microsoft),Access Contol List (Microsoft)  "
"Atomicity Consistency Isolation Durability,Atomicity Consistancy Isolation Durability,Atomicity Consistency Isolation Durablity,Atomicity Consistency Isolatin Durability  "
"Authentication Authorization and Accounting,Authentcation Authorization and Accounting,Authentification Authorization and Accounting,Authentication Authorizaton and Accounting  "
"Accelerometer,Acelerometer,Accelerometr,Acceleromter  "
"Advertising,Advertizing,Adverting,Advertisng  "
"Application Lifecycle Management,Apllication Lifecycle Management,Application Lifecyle Management,Application Lifecylce Management  "
"Average Hold Time,Average Hol Time,Average Hold Tme,Averge Hold Time  "
"Astronomical Markup Language,Astronomical Markup Languge,Astronomical Markup Langage,Astronomical Markp Language  "
"Advanced Business Application Programming,Advnaced Business Application Programming,Advanced Busines Application Programming,Advanced Business Aplication Programming  "
"ACD Canvas,ACD Canvs,ACD Canvass,ACD Canves  "
"Application Programming Model,Apllication Programming Model,Application Programing Model,Application Programmin Model  "
"Authorized Programming Analysis Report,Authorized Programing Analysis Report,Authorized Programing Anlysis Report,Authorized Programming Anlysis Report  "
"Application Programming Interface (API),Apllication Programming Interface (API),Application Programing Interface (API),Application Programmin Interface (API)  "
"Authorized Education Reseller,Authorized Eduation Reseller,Authorized Education Reseler,Authorized Education Resller  "
"ActiveX Data Objects,ActiveX Data Ojects,ActiveX Data Objcts,ActiveX Dat Objects  "
"Add/Drop Multiplexer,Ad/Drop Multiplexer,Add/Drp Multiplexer,Add/Drop Multiplexr  "
"ActiveX Data Object.NET,ActiveX Data Oject.NET,ActiveX Data Objct.NET,ActiveX Dat Object.NET  "
"Analog-to-Digital Converter,Analog-to-Digial Converter,Analog-to-Digital Converer,Analog-to-Digtal Converter"
"Automatic Identification and Data Capture,Automtic Identification and Data Capture,Automati Identification and Data Capture,Automatic Identifcation and Data Capture"
"Algorithm,Algoritm,Algrithm,Algorthm"
"Asymmetric Digital Subscriber Line,Asymetric Digital Subscriber Line,Asymmetri Digital Subscriber Line,Asymmetrc Digital Subscriber Line"
"Artificial Intelligence (AI),Artficial Intelligence (AI),Artificial Intelligenc (AI),Artificial Intelegence (AI)"
"Anti-Static Mat,Anti-Sttic Mat,Anti-Static Maat,Anti-Stati Mat"
"Answer-Only Modem,Answer-Only Modm,Answer-Only Modem,Answer-Only Modem"
"Auto-Answer,Auto-Anser,Auto-Answerr,Auto-Anwser"
"Automatic Document Feeder,Automtic Document Feeder,Automati Document Feeder,Automatic Docment Feeder"
"Alpha Test,Apha Test,Alph Test,Alpha Tes"
"Air Cooling,Air Coling,Air Coolng,Air Coolin"
"Anisotropic Filtering,Anistropic Filtering,Anisotropic Filering,Anisotropic Filtrng"
"Accelerated Graphics Port,Acelerated Graphics Port,Accelerated Grapics Port,Accelerated Grahics Port"
"Best Practice,Best Pratice,Best Practic,Bst Practice"
"BlackBerry,BlackBery,BlakBerry,BlackBerr"
"Business Process Management,Business Proces Management,Buisness Process Management,Business Proccess Management"
"Binary Number System,Binary Nmber System,Binary Number Systm,Binary Nuber System"
"Broadcast Storm,Brodcast Storm,Broadcast Sorm,Broadcast Stom"
"Bridging,Bridgin,Bridgig,Bridging"
"Binary Runtime Environment for Wireless,Binary Runtime Enviroment for Wireless,Binary Runime Environment for Wireless,Binary Runtime Environment fr Wireless"
"BREW Applications,BRE Applications,BRW Applications,BRWE Applications"
"Basic Input/Output System,Basic Input/Ouput System,Basic Input/Outpt System,Basic Input/Outut System"
"Bug,Bg,Bug,Bugg"
"Back-End System,Back-End Sytem,Back-End Sstem,Back-End Systm"
"Banner Rotator,Baner Rotator,Banner Rotatr,Banner Roator"
"Blowfish,Blowfsh,Blowfih,Blowfiish"
"Business Event Management,Business Evnt Management,Buisness Event Management,Business Event Mangement"
"Bootstrap Protocol,Boootstrap Protocol,Bootstap Protocol,Bootstra Protocol"
"Bytecode,Bytecde,Bytcode,Bytcode"
"Business Application Programming Interface,Business Application Programing Interface,Buisness Application Programming Interface,Business Appliction Programming Interface"
"Business-to-Business,Business-to-Busness,Business-to-Busines,Business-t-Business"
"Business-to-Consumer,Business-to-Conumer,Business-to-Cnsumer,Business-to-Consumr"
"Bump Mapping,Bmp Mapping,Bump Maping,Bum Mapping"
"Burndown Chart,Burndown Cahrt,Burndown Char,Burndwn Chart"
"Batch Processing,Batch Procesing,Batc Processing,Batch Processig"
"Brand Advocate,Brand Advcate,Bran Advocate,Brand Advocat"
"Backup,Backp,Bacup,Backkup"
"Batch File,Batch Fie,Batc File,Batch Fil"
"Backward Chaining,Backwrd Chaining,Backward Chainig,Backward Chaining"
"Big Red Switch,Bg Red Switch,Big Red Swith,Big Red Swich"
"Business Activity Monitoring,Business Activity Monitring,Business Activiy Monitoring,Buisness Activity Monitoring"
"Boot Disk,Bot Disk,Boot Dsk,Boot Dis"
"Big Iron,Bg Iron,Big Iro,Big Irn"
"Blu-Ray Disk,Blu-Ray Dis,Blu-Ry Disk,Blu-Ray Dik"
"Bits Per Second,Bits Per Secon,Bits Per Scond,Bits Pe Second"
"Binary Digit,Binary Digitt,Binar Digit,Binary Digitt"
"Boolean Logical Operator,Boolean Logical Oprator,Boolea Logical Operator,Boolean Lgical Operator"
"Bubble Sort,Buble Sort,Bubble Srt,Bubble Sot"
"Bridge Router,Bridge Ruter,Bridge Roouter,Brige Router"
"Black Hole,Blck Hole,Black Hole,Blak Hole"
"Bad Sector,Bad Sctor,Bad Sctor,Bad Sctr"
"Base Class,Bas Class,Base Clas,Base Clas"
"Breakpoint,Breakpont,Brekpoint,Breakpont"
"Cloud Computing,Clud Computing,Cloud Cmputing,Cloud Computng"
"Commit,Comit,Commit,Comit"
"Comma-Separated Values File,Comma-Separator Values File,Comma-Separated Vlues File,Comma-Separated Values Fie"
"Cupcake,Cupcakke,Cupake,Cupcae"
"Customer Relationship Management (CRM),Customer Relationshp Management (CRM),Customer Relationhip Management (CRM),Customer Relationship Managemnt (CRM)"
"Cold Standby,Cold Stanby,Cold Stndby,Cold Standb"
"Computer Port,Computer Prt,Compter Port,Computer Pot"
"Cross Site Scripting,Cross Site Scrpting,Cross Ste Scripting,Cross Site Scriptng"
"Candidate Key,Candiate Key,Canidate Key,Candidte Key"
"Common Management Information Protocol,Common Managment Information Protocol,Comon Management Information Protocol,Common Management Informaion Protocol"
"Connection Admission Control,Connection Admisson Control,Connection Admissin Control,Connection Admission Contol"
"Code Division Multiple Access 2000,Code Division Mltiple Access 2000,Code Divison Multiple Access 2000,Code Division Multiple Acces 2000"
"Common Business Oriented Language,Common Busness Oriented Language,Common Business Oriented Languge,Comon Business Oriented Language"
"Code Division Multiple Access,Code Division Mltiple Access,Code Divison Multiple Access,Code Division Multiple Acces"
"Challenge Handshake Authentication Protocol,Chalenge Handshake Authentication Protocol,Challenge Handsake Authentication Protocol,Challenge Handshake Authentcation Protocol"
"Clipboard,Clipbord,Clipboar,Cliboard"
"Core Router,Core Ruter,Core Roter,Core Router"
"Cookie,Cokie,Cooke,Cooki"
"Customer Data Integration,Customer Data Integation,Customer Data Integraion,Customer Data Integrtion"
"Computer Graphics Metafile,Computer Grphics Metafile,Computer Gaphics Metafile,Computer Graphcs Metafile"
"Code Access Security,Code Acess Security,Code Acces Security,Code Acceess Security"
"Cost Per Action,Cost Pe Action,Cost Prr Action,Cost Pper Action"
"Cybersecurity,Cybersecurrity,Cybersecurty,Cyberseurity"
"Critical Security Parameter,Critical Scurity Parameter,Critical Scurity Parameter,Critical Security Pparameter"
"COMPUter SECurity,COMPUter SECurity,COMPUtr SECurity,COMPUter SECurrity"
"Computer Security Incident Response Team,Computer Security Incident Rsponse Team,Computer Security Incidnt Response Team,Computer Security Incident Response Team"
"Cable Modem,Cble Modem,Cabe Modem,Cable Mdem"
"Computer Cluster,Computer Cluser,Computer Cluter,Computer Clustr"
"Content Management System,Content Managment System,Content Manageent System,Content Managemnt System"
"Communication Software,Communiation Software,Communiction Software,Commnication Software"
"Chuck Norris Facts,Chuk Norris Facts,Chuck Norrs Facts,Chuck Norris Fact"
"Certification Authority,Certifiction Authority,Certificatio Authority,Certifiction Authority"
"Cost Management,Cost Managment,Cost Managemnt,Cost Managment"
"Certification Commission for Healthcare Information Technology,Certification Commission for Helthcare Information Technology,Certification Commission for Healthcre Information Technology,Certification Commision for Healthcare Information Technology"
"Computer Telephony Integration,Computer Telephoy Integration,Computer Telephny Integration,Computer Telephony Interation"
"Centers for Medicare and Medicaid Services,Centers for Medcare and Medicaid Services,Centers for Medicare nd Medicaid Services,Centers for Medicre and Medicaid Services"
"Cluster (Disk),Cluster (Dsk),Cluster (Disk),Cluster (Dis)"
"Cluster (Servers),Cluster (Serrvers),Cluster (Severs),Cluster (Server)"
"Commerce Services Provider,Commerce Srvices Provider,Commerce Sevices Provider,Commmerce Services Provider"
"Click-Through Rate,Click-Throgh Rate,Click-Throuh Rate,Click-Through Rte"
"Data Modeling,Data Modelng,Data Modling,Data Modelng"
"Design Pattern,Design Patern,Desgn Pattern,Design Patten"
"Distributed Computing System,Distributed Comuting System,Disributed Computing System,Distributed Computing Sstem"
"Dalvik,Dalvikk,Dlvik,Daivik"
"Dalvik Debug Monitor Service,Dalvik Debg Monitor Service,Dalvik Debug Monitor Srvice,Dalvik Debug Monitr Service"
"Database Row,Database Rw,Datbase Row,Databse Row"
"Database Column,Database Colmn,Datbase Column,Database Colum"
"Database Report,Datbase Report,Database Rport,Database Reort"
"Database Trigger,Datbase Trigger,Database Triger,Database Triger"
"Digital Versatile Disk Rewritable,Digital Versatile Dik Rewritable,Digital Versatle Disk Rewritable,Digital Versatile Disk Rewritble"
"Data Encryption Standard,Data Encrption Standard,Data Encrption Standard,Data Encrption Standard"
"Dynamic Random Access Memory,Dynmic Random Access Memory,Dynamic Randon Access Memory,Dynamc Random Access Memory"
"Digital Rights,Digtal Rights,Digital Right,Digial Rights"
"Dual Inline Package Switch,Dual Inine Package Switch,Dual Inline Package Swich,Dual Inlne Package Switch"
"Datagram,Datgram,Datagramm,Dtagram"
"Dense Wavelength Division Multiplexing,Dense Wavelength Division Multipexing,Dense Wavelength Divison Multiplexing,Dense Wavelength Division Mutiplexing"
"Demultiplex,Demultipex,Demltiplex,Demultiplx"
"Digital Video Broadcasting 每 Cable,Digtal Video Broadcasting 每 Cable,Digital Video Broadcasing 每 Cable,Digital Video Broadcasing 每 Cable"
"Development Data Platform,Development Dat Platform,Development Dta Platform,Development Data Platfrm"
"Default Values 每 Database,Default Vaues 每 Database,Default Vlues 每 Database,Default Vlues 每 Database"
"Database Encryption and Decryption,Database Encrption and Decryption,Database Encrption and Decrytion,Datbase Encryption and Decryption"
"Data Encapsulation,Data Encapsultion,Data Encpsulation,Data Encpsulation"
"Data Obfuscation,Data Obfscation,Data Obfscation,Data Obfusction"
"Database Object,Database Obect,Datbase Object,Datbase Object"
"Data Warehouse,Data Warehoue,Data Warhouse,Data Warehuse"
"DBMS (Database Management System),DBMS (Datbase Management System),DBMS (Dabase Management System),DBMS (Datbase Managemnt System)"
"Digital Simultaneous Voice and Data,Digital Simultneous Voice and Data,Digital Simultaneous Voce and Data,Digital Simulaneous Voice and Data"
"Data Over Cable Service Interface Specification,Data Over Cable Servce Interface Specification,Data Over Cble Service Interface Specification,Data Over Cable Service Interace Specification"
"Digital Visual Interface,Digital Visal Interface,Digial Visual Interface,Digital Visual Interfce"
"Data Perturbation,Data Pertubation,Data Perturbaion,Data Perturbation"
"Data,Daata,Dta,Data"
"Direct-Connect Modem,Direct-Conect Modem,Direct-Connect Mdem,Direct-Conect Modem"
"Double Data Rate,Duble Data Rate,Doubl Data Rate,Duble Data Rate"
"Data Link Layer,Data Lnk Layer,Dat Link Layer,Data Lnk Layer"
"Data De-Identification,Data De-Identifiction,Data De-Idntification,Data De-Identifiction"
"Data Mirroring,Data Miroring,Data Miroring,Data Mirorring"
"Desktop Virtualization,Desktop Virualization,Desktop Virtulization,Deskto Virtualization"
"Drawing Exchange Format,Draing Exchange Format,Dawing Exchange Format,Drawing Exchage Format"
"Data Definition Language,Data Defintion Language,Data Defintion Language,Data Defintion Language"
"Data Manipulation Language,Data Manipulaton Language,Data Manipulaton Language,Data Manipulation Languge"
"Enterprise Resource Planning,Enterprise Resource Plnning,Enterprise Resurce Planning,Enterprise Rsource Planning"
"Enterprise Relationship Management,Enterprise Relationship Mangement,Enterprse Relationship Management,Enterprise Rlationship Management"
"Enterprise Feedback Management,Enterprise Feedback Mangement,Enterprise Fedback Management,Enterprise Feedack Management"
"Enhanced Data GSM Environment,Enhaced Data GSM Environment,Enhanced Data GSM Enviroment,Enhaned Data GSM Environment"
"Extensible Markup Language,Extensible Mrkup Language,Extensible Markp Language,Extensible Makup Language"
"Extreme Programming,Extreme Progrmming,Extreme Programing,Extreme Progrmming"
"Erlang Programming Language,Erlang Programing Language,Erlang Progrmming Language,Erlng Programming Language"
"Eligible Provider,Eligble Provider,Eligibl Provider,Eligible Proider"
"Expansion Card,Expnsion Card,Expansion Crd,Expnsion Card"
"Enterprise Portal Software,Enterprise Prtal Software,Enterprise Poral Software,Enterprise Portl Software"
"External Modem,Exernal Modem,Eternal Modem,External Modm"
"Evolution Data Only,Evoution Data Only,Evoltion Data Only,Evoltion Data Only"
"Electronic Health Record,Electronic Health Rcord,Electronic Halth Record,Electronic Helth Record"
"Electronic Audit Trail,Electronic Audit Tril,Electronic Adit Trail,Electronic Audt Trail"
"Electronic Data Interchange,Electronic Data Interchage,Elctronic Data Interchange,Electronic Data Interchnge"
"Endpoint Security,Endpoint Scurity,Endpoint Scuirty,Endpoint Seurity"
"Electronic Medical Record,Electronic Medial Record,Electronic Mdical Record,Electronic Medcal Record"
"Enterprise Private Network,Enterprise Prvate Network,Enterprise Pivate Network,Enterprse Private Network"
"Electronic Patient Release of Information Form,Electronic Patient Releae of Information Form,Electronic Paitent Release of Information Form,Electronic Patient Releas of Information Form"
"Email Appending,Email Apending,Emil Appending,Email Appeding"
"Event,Evet,Event,Evet"
"E-commerce Hosting,E-commerce Hostng,E-comerce Hosting,E-commerc Hosting"
"E-commerce Remarketing,E-commerc Remarketing,E-commerce Remarkting,E-comerce Remarketing"
"Electronic Storefront,Electronic Storefrnt,Elctronic Storefront,Electronic Strefont"
"Edgar F. Codd,Edgar F. Cod,Edgar F. Cod,Edgr F. Codd"
"Expansion Slot,Expansion Slt,Expnsion Slot,Expnsion Slot"
"Engine,Engne,Engin,Engine"
"Electrophoretic Ink,Electrophoreic Ink,Electrophoetic Ink,Electrophoetic Ink"
"Elk Cloner,Elk Cloner,Elk Clonr,Elk Clonr"
"Enterprise Systems Connection,Enterprise Systems Connetion,Enterprise System Connection,Enterprise Sysems Connection"
"E-Commerce Advisor,E-Commmerce Advisor,E-Commece Advisor,E-Commerc Advisor"
"Event-Driven Architecture,Event-Drven Architecture,Event-Driven Architecure,Event-Driven Architectre"
"Electrically Programmable Logic Device,Electriclly Programmable Logic Device,Electricaly Programmable Logic Device,Electricall Programmable Logic Device"
"Enterprise Software,Enterprse Software,Enterprse Software,Enterprise Softare"
"Eclipse Platform,Eclipss Platform,Eclpse Platform,Eclpse Platform"
"Edge Router,Edge Roter,Edg Router,Edge Routr"
"Endpoint Identifier,Endpoint Identifer,Endpint Identifier,Endpoint Ientifier"
"EtherLoop,EtherLop,EtherLop,EterLoop"
"Executable,Excutable,Excutable,Exectable"
"Electronic Mail,Electonic Mail,Electronic Mai,Electonic Mail"
"Feature Creep,Feature Crep,Feature Crep,Featur Creep"
"Fault Configuration Accounting Performance Security,Fault Configuration Acounting Performance Security,Fault Configuration Accouting Performance Security,Fault Configuration Accounting Performace Security"
"File Allocation Table,File Alocation Table,File Alocaton Table,File Allocaton Table"
"Federal Information Processing Standards,Federal Information Procesing Standards,Federal Information Procesing Standards,Federal Information Processig Standards"
"First Generation (Programming) Language,First Generation (Programing) Language,First Generation (Programing) Language,First Genertion (Programming) Language"
"Fourth Generation (Programming) Language,Fourth Generation (Programing) Language,Fourth Generation (Programing) Language,Fourth Generaton (Programming) Language"
"Fifth Generation (Programming) Language,Fifth Generation (Programing) Language,Fifth Generation (Programing) Language,Fifth Generaton (Programming) Language"
"Fiber Distributed Data Interface,Fiber Distributed Dta Interface,Fiber Disributed Data Interface,Fiber Distributed Data Interfce"
"Frequency Division Multiplexing,Frequency Divison Multiplexing,Frequency Divison Multiplexing,Frequency Divison Multiplexing"
"Firmware,Firmare,Firmare,Firmwre"
"Flow Control,Flw Control,Flow Cntrol,Flow Cntrol"
"Functional Programming,Functional Programing,Functional Programing,Functionl Programming"
"Federal Desktop Core Configuration,Federal Desktop Core Configration,Federal Dektop Core Configuration,Federal Desktop Core Cnfiguration"
"Federation Against Software Theft,Federation Against Softare Theft,Federation Against Softare Theft,Federation Against Softwre Theft"
"Free Software,Fre Software,Free Softare,Fre Software"
"Federal Health Architecture,Federal Helth Architecture,Federal Healt Architecture,Federal Health Architecure"
"File Virtualization,File Virtualzation,File Virtualzation,File Virtualiztion"
"Front and Back Ends,Front and Back Eds,Front ad Back Ends,Front and Bck Ends"
"Fiber Channel Over Ethernet,Fiber Chnnel Over Ethernet,Fiber Chnnel Over Ethernet,Fiber Channel Oer Ethernet"
"Federal Internet Exchange,Federal Internet Exchnge,Federal Internet Exchage,Federal Internet Exchane"
"Fax Modem,Fx Modem,Fax Modm,Fx Modem"
"Facebook,Facebok,Facebok,Facebok"
"Fault Tolerance,Fault Tolernce,Fault Tolernce,Fault Tolrance"
"Financial Information System,Financial Information Sstem,Financial Information Sstem,Financial Information Sysem"
"Frontside Bus,Frontide Bus,Frontide Bus,Frontide Bus"
"Fourth Generation Wireless,Fourth Generaion Wireless,Fourth Generaion Wireless,Fourth Generation Wreless"
"Flash Memory,Fash Memory,Flash Memry,Flsh Memory"
"Floppy Disk Drive,Flppy Disk Drive,Flppy Disk Drive,Floppy Disk Drve"
"Fixed Routing,Fixed Routng,Fixed Routing,Fied Routing"
"Frame Check Sequence,Frame Chek Sequence,Frame Check Seuence,Frame Chek Sequence"
"File Transfer Protocol,File Tranfer Protocol,File Tranfer Protocol,File Trnsfer Protocol"
"Floating-Point Unit,Floating-Point Unt,Floating-Poit Unit,Floating-Poit Unit"
"Flowchart,Flowhart,Flowcart,Flowhart"
"Fiber Channel over Internet Protocol,Fiber Chnnel over Internet Protocol,Fiber Chnnel over Internet Protocol,Fiber Channel ovr Internet Protocol"
"Firesheep,Firesheep,Fireshep,Fireshep"
"FireWire,FireWre,FireWie,FireWre"
"Fault Management,Falt Management,Fault Managemnt,Falt Management"
"Federated Network Identity,Federated Network Identty,Federated Network Identty,Federated Network Identiy"
"Foo,Fo,Fo,Fo"
"Fax Over Internet Protocol,Fax Ovr Internet Protocol,Fax Ovr Internet Protocol,Fax Over Interet Protocol"
"Garbage In, Garbage Out,Garbage In, Garbage Ot,Garbage In, Garbge Out,Garbage In, Garbge Out"
"Global System for Mobile Communications,Global System for Mobi Communications,Global Sstem for Mobile Communications,Global System for Mobe Communications"
"Garbage Collection,Garbae Collection,Garbae Collection,Garbage Colection"
"Geotagging,Geotgging,Geotaging,Geotaging"
"Grid Computing,Grid Comuting,Grid Cmputing,Grid Cmputing"
"Google Data Liberation Front,Gogle Data Liberation Front,Gogle Data Liberaton Front,Goole Data Liberation Front"
"Google Docs,Gogle Docs,Gogle Docs,Goole Docs"
"Gigabit,Gigbit,Gigbit,Gigabt"
"Group 3 Protocols,Group 3 Protocls,Group 3 Protocols,Group 3 Protocol"
"Gateway,Gateay,Gatewy,Gateay"
"Geoport,Geopr,Geoprt,Geport"
"Generic Port,Generc Port,Generc Port,Generic Pot"
"Graphics Processing Unit,Graphics Processing Uit,Graphics Procesing Unit,Graphics Procesing Unit"
"Gammima,Gammma,Gamima,Gamma"
"Graffiti,Grafiti,Grafiti,Grafiti"
"Green Computing,Green Comuting,Gren Computing,Green Cmputing"
"GPRS Tunneling Protocols,GPRS Tunnelng Protocols,GPRS Tuneling Protocols,GPRS Tunnelng Protocols"
"Group 4 Protocols,Group 4 Protocls,Group 4 Protocols,Group 4 Protocol"
"Gingerbread,Gingerbrea,Gingerbrad,Ginerbread"
"G.711,G.11,G.71,G.11"
"Globalization Management System,Globalzation Management System,Globalzation Management System,Globalizaton Management System"
"Green Personal Computer,Green Prsonal Computer,Gren Personal Computer,Green Personl Computer"
"Gnutella,Gntella,Gnutela,Gnutela"
"Google Health,Gogle Health,Gogle Health,Goole Health"
"Global-Regular-Expression-Print,Global-Regular-Expression-Prnt,Global-Regular-Exprssion-Print,Global-Regular-Exprssion-Print"
"Global Area Network,Global Area Ntwork,Global Aea Network,Global Aea Network"
"Graphical User Interface,Gaphical User Interface,Grahical User Interface,Grahical User Interface"
"G.7xx,G.xx,G.xx,G.7x"
"G.723,G.23,G.72,G.23"
"G.721,G.21,G.72,G.21"
"G.729,G.29,G.72,G.29"
"Google Phone,Gogle Phone,Gogle Phone,Goole Phone"
"GNU,GN,GN,GN"
"Ghostball Virus,Ghostbal Virus,Gostball Virus,Gostball Virus"
"Generics,Genercs,Genercs,Genercs"
"Graphics Device Interface +,Graphics Device Inerface +,Graphics Device Interace +,Graphics Device Interface+"
"Generic Access Network,Generc Access Network,Generc Access Network,Generc Access Network"
"GNU General Public License,GN General Public License,GN General Public Liense,GN General Public License"
"G3,G,G,G"
"Game Balance,Game Balnce,Gme Balance,Gme Balance"
"Hacker,Hacer,Hcker,Hcker"
"Hop,Hpp,Hp,Hp"
"High-Speed Downlink Packet Access,High-Speed Downlink Pcket Access,High-Speed Dwnlink Packet Access,High-Speed Downlink Pakcet Access"
"High-Speed Uplink Packet Access,High-Speed Uplnk Packet Access,High-Speed Uplnk Packet Access,High-Speed Uplin Packet Access"
"High-Energy Radio Frequency Weapon,High-Energy Radio Freuency Weapon,High-Energy Rado Frequency Weapon,High-Energy Rado Frequency Weapon"
"HTML5,HTM5,HTL5,HTL5"
"Hardware Management Console,Hardware Managemet Console,Hardware Managemet Console,Hardware Manageent Console"
"Honeynet,Honeynet,Honeynnet,Honeynet"
"Health Care Data Encryption,Health Cre Data Encryption,Health Care Data Encrypton,Health Care Dta Encryption"
"Health Information Organization,Health Information Organiation,Health Information Organizattion,Health Information Orgnization"
"Hardware Virtualization,Hardware Virtulization,Hardware Virtulization,Hardware Virtualiztion"
"Health Level Seven Clinical Document Architecture,Health Level Seven Clinicl Document Architecture,Health Level Sven Clinical Document Architecture,Health Level Sevn Clinical Document Architecture"
"Hammering,Hammerng,Hammerng,Hammerng"
"Hacking Tool,Hacking Tol,Hackng Tool,Hacking Tol"
"Hub (Networking),Hub (Networing),Hub (Netorking),Hub (Networking)"
"Hub (Computing),Hub (Computng),Hub (Computng),Hub (Computng)"
"Hard Disk Drive,Hard Dsk Drive,Hard Dsk Drive,Hard Disk Drve"
"Human Interface Device,Human Interface Devce,Human Intface Device,Human Interace Device"
"Hot Plugging,Hot Pluging,Hot Pluggng,Hot Pluging"
"Haptic,Haptc,Hapic,Hptic"
"Hot Spare,Hot Spae,Hot Spae,Hot Sprare"
"HyperTransport Bus,HyperTranport Bus,HyperTranspot Bus,HyperTransport Bs"
"Hypervisor,Hypervsior,Hypervisr,Hypervisr"
"Hypertext Transfer Protocol,Hypertext Tranfer Protocol,Hypertext Transer Protocol,Hypertext Transfer Proocol"
"High-Gain Antenna,High-Gain Antena,Hgh-Gain Antenna,High-Gain Antena"
"Hold Down Timer,Hold Dwn Timer,Hold Don Timer,Hold Don Timer"
"Host Operating System,Host Oprating System,Host Operatng System,Host Operatig System"
"Heat Sink,Ht Sink,Heat Sin,Hea Sink"
"HomePNA,HmePNA,HomePN,HmePNA"
"Hyperlink,Hypelink,Hyperlnk,Hyperlnk"
"Hairpin,Haripin,Hairpn,Hairpn"
"Hot Potato Routing,Hot Poto Routing,Hot Potato Ruting,Hot Potto Routing"
"Hard Disk Loading,Hard Disk Loding,Hard Disk Lodng,Hard Dsk Loading"
"Hot Standby Router Protocol,Hot Stndby Router Protocol,Hot Standby Roter Protocol,Hot Standby Routr Protocol"
"High-Performance File System,Hgh-Performance File System,High-Performance Fie System,High-Performance Fle System"
"Health Insurance Portability and Accountability Act Privacy Rule,Health Insurance Portability and Accountability At Privacy Rule,Health Insurance Portbility and Accountability Act Privacy Rule,Health Insurance Portbility and Accountability Act Privcy Rule"
"Hardware Virtual Private Network,Hardware Virtul Private Network,Hardware Virtual Private Netwrk,Hardware Virtual Pivate Network"
"Host Identity Protocol,Host Identty Protocol,Host Idenity Protocol,Host Identiy Protocol"
"Handoff,Hadoff,Handoff,Handoff"
"High-Level Data Link Control,High-Level Dta Link Control,High-Levl Data Link Control,High-Level Data Lnk Control"
"Information Assurance,Inforation Assurance,Information Assurnce,Inforation Assurance"
"iPhone,iPhne,iPone,iPhne"
"Intentional Software,Intntional Software,Intentinal Software,Intntional Software"
"Interactivity,Interctivity,Interactivty,Interctivity"
"Internetworking Device,Interetworking Device,Internetworking Devce,Internetworkng Device"
"Intranet,Intrnet,Intrnet,Intrnet"
"Input/Output,Inpt/Output,Input/Ouput,Inpt/Output"
"Internet Assigned Numbers Authority,Internet Assined Numbers Authority,Internet Assgned Numbers Authority,Internet Assiged Numbers Authority"
"Intentional Programming,Intntional Programming,Intentinal Programming,Intntional Programming"
"Inverse Multiplexer,Invrse Multiplexer,Inverse Multplexer,Invrse Multiplexer"
"IEEE 1394 Interface,IEE 1394 Interface,IEEE 1394 Intrface,IEEE 1394 Interfce"
"In-Betweening,In-Betwening,In-Betweeng,In-Betwening"
"Interactive Data Language,Interctive Data Language,Interactive Dta Language,Interactive Dta Language"
"IEC Connector,IEC Conector,IEC Cnector,IEC Conector"
"Information Systems Security Engineer,Information Systems Scurity Engineer,Information Systms Security Engineer,Information Systems Scurity Engineer"
"Information Systems Security,Information Sysems Security,Information Systems Scurty,Information Systems Scurty"
"Internet Protocol Security,Internet Proocol Security,Internet Protocol Scurity,Internet Proocol Security"
"Internal Modem,Internal Mdem,Interal Modem,Internal Mdem"
"Internet Software Piracy,Internet Sofware Piracy,Internet Sofware Piracy,Internet Softare Piracy"
"Internet Meme,Internet Meeme,Internt Meme,Internt Meme"
"I/O Virtualization,I/O Virtualzation,I/O Virtulization,I/O Virtalization"
"Internet Security and Acceleration Server,Internet Security and Accleration Server,Internet Security nd Acceleration Server,Internet Security and Aceleration Server"
"Intelligent Device,Inteligent Device,Intellgent Device,Intellgent Device"
"Intellectual Property,Intellecual Property,Intellectal Property,Intellecual Property"
"iMac,iMac,iMac,iMac"
"Inline Frame,Inlne Frame,Inline Frm,Inlne Frame"
"Internet Addiction,Internet Addction,Internt Addiction,Internt Addiction"
"Internetworking,Interetworking,Internetworking,Internetworkng"
"Integrated Development Environment 每 .NET,Integrted Development Environment 每 .NET,Integrated Development Enviroment 每 .NET,Integrated Developent Environment 每 .NET"
"Integrated Development Environment,Integrted Development Environment,Integrated Development Enviroment,Integrated Developent Environment"
"IP Spoofing,IP Spofing,IP Spoofng,IP Spoofing"
"Infrastructure as a Service,Infrastructure as a Servce,Infrstructure as a Service,Infrastrcture as a Service"
"Internet Protocol Version 4 Packet Header,Internet Protocol Versin 4 Packet Header,Internet Protocol Versin 4 Pcket Header,Internet Protocol Vrsion 4 Packet Header"
"IT Certification,IT Certfication,IT Certifcation,IT Certfication"
"Internet Explorer,Internt Explorer,Internet Explrer,Internt Explorer"
"Internet Protocol Version 6,Internet Protocol Versin 6,Internet Protocol Versin 6,Internet Protocol Vrsion 6"
"Internet Small Computer Systems Interface,Internet Smal Computer Systems Interface,Internet Sml Computer Systems Interface,Internet Smll Computer Systems Interface"
"Internet Protocol Address,Internet Protocol Adress,Internet Protocol Adres,Internet Protcol Address"
"Internet Protocol Switching,Internet Proocol Switching,Internet Protocol Swiching,Internet Protocol Switcing"
"Internet Protocol,Internet Proocol,Internet Protool,Internet Protocol"
"Java 2 Platform Micro Edition,Java 2 Platfrm Micro Edition,Java 2 Platfrm Micro Edition,Java 2 Platform Mico Edition"
"Job,Jb,Jb,Jb"
"JScript,JScipt,JScipt,JScript"
"Java 2 Platform, Enterprise Edition,Java 2 Platform, Enterpise Edition,Java 2 Platfrm, Enterprise Edition,Java 2 Platform, Enterprse Edition"
"JApplet,JAplet,JApplt,JApplet"
"Java Virtual Machine,Java Virtal Machine,Java Virtual Machie,Java Virtul Machine"
"JavaScript,JavaScrip,JavaScrip,JavaScipt"
"JavaScript Object Notation,JavaScript Objct Notation,JavaScript Object Notaton,JavaScript Object Notaton"
"Java Runtime Environment,Java Rntime Environment,Java Rntime Environment,Java Runtime Environmnt"
"Java Development Kit,Java Develoment Kit,Java Developmnt Kit,Java Developmnt Kit"
"Just-In-Time,Jus-In-Time,Jus-In-Time,Just-In-Tme"
"Java Servlet,Java Srlet,Java Selet,Java Srlet"
"Java Data Objects,Java Dta Objects,Java Data Objcts,Java Data Objcts"
"Jumper,Jump,rJumper,Jumpr"
"Join,Jin,Jon,Jon"
"Jailbreak,Jaibreak,Jailbrak,Jailbrea"
"Job Control Language,Jb Control Language,Job Contol Language,Job Contrl Language"
"Jini,Jni,Ji,Ji"
"Java Database Connectivity Interface,Java Datbase Connectivity Interface,Java Datbase Connectivity Interface,Java Databse Connectivity Interface"
"Java HyperText Markup Language,Java HyperText Mrkup Language,Java HyperText Markup Languge,Java HyperText Markup Languge"
"Java Management Extensions,Java Managemnt Extensions,Java Managemet Extensons,Java Managemet Extensions"
"Java Applet,Java Applt,Java Aplet,Java Applt"
"J2EE Application Deployer and Administrator,J2EE Aplication Deployer and Administrator,J2E Application Deployer and Administrator,J2EE Applicaton Deployer and Administrator"
"J2EE Product Provider,J2EE Product Prvider,J2EE Prodct Provider,J2E Product Provider"
"Joe Job,Joe Jb,Joe Jb,Joe Jb"
"Jammer,Jamer,Jamr,Jamr"
"Jailbreak App,Jaibreak App,Jailbrak App,Jailbreak Ap"
"Java Object,Java Oject,Java Obect,Java Objct"
"JBoss Application Server,JBoss Aplication Server,JBoss Appliction Server,JBoss Aplication Server"
"JavaBeans,JavaBens,JavaBeans,JavaBeas"
"JavaStation,JavaSttion,JavaStaton,JavaSttion"
"JenniCam,JeniCam,JennCam,JeniCam"
"Java Swing,Java Swng,Java Swng,Java Swig"
"J2EE Client,J2EE Clent,J2E Client,J2EE Clent"
"Jigsaw,Jigsw,Jigsaw,Jigaw"
"Java Message Service,Java Mesage Service,Java Message Srvice,Java Mesage Service"
"Java Card,Java Cad,Jva Card,Java Cad"
"Java,Ja,Jva,Java"
"JavaServer Pages,JavaServer Pges,JavaSerer Pages,JavaSerer Pages"
"John Draper,John Drape,John Drapr,Joh Draper"
"Keyboard Wedge,Keybord Wedge,Keyboard Wdge,Keybord Wedge"
"Key Performance Indicators,Key Performance Indictors,Key Performnce Indicators,Key Perforance Indicators"
"Kilobyte,Kilobte,Kilobyte,Kilobte"
"K Virtual Machine,K Virtual Machne,K Virual Machine,K Virtual Machine"
"Knowledge Base,Knowedge Base,Knowledg Base,Knowledge Base"
"Knowledge Discovery in Databases,Knowledge Discovery in Databass,Knowledge Discover in Databases,Knowledge Discovery in Databses"
"Kademlia,Kademla,Kadelia,Kademlia"
"Keypad,Keypd,Keypad,Keypd"
"Kernel,Kernl,Kernal,Kernel"
"Kanban,Kanbn,Kanban,Kanbn"
"Kerberos,Kerebos,Kerbros,Kerberos"
"Key,Ky,Key,Ky"
"Kriz Virus,Kriz Virs,Kriz Virus,Kriz Virs"
"Keyboard, Video, Mouse,Keybord, Video, Mouse,Keyboard, Vdeo, Mouse,Keybord, Video, Mouse"
"Kindle Fire,Kindle Fre,Kindle Fire,Kindle Fire"
"K Desktop Environment,K Deskop Environment,K Deskto Environment,K Desktop Environment"
"Karnaugh Map,Karnauh Map,Karnaugh Mapp,Karnauh Map"
"Knowledge, Skills and Abilities,Knowledge, Skills and Abilites,Knowledge, Sills and Abilities,Knowledge, Skills and Abilites"
"Kelvir Worm,Kelvr Worm,Kelvir Wrm,Kelvir Worm"
"Keep It Simple Stupid Principle,Keep It Siple Stupid Principle,Keep It Simple Stupid Princple,Keep It Simple Supid Principle"
"Kilobit,Kilobt,Kilobit,Kilobit"
"Katmai,Katmi,Katmai,Katmi"
"Kaizen,Kaien,Kaizen,Kaizen"
"Key-Value Pair,Key-Value Par,Key-Value Pair,Key-Vlue Pair"
"Kevin Mitnick,Kein Mitnick,Kevin Mitnik,Kevin Mitnick"
"Keyword,Keywrd,Keyword,Keywrd"
"Killer Application,Killer Aplication,Killer Aplication,Kiler Application"
"Kindle,Kidle,Kindle,Kidle"
"Key Length,Key Lngth,Key Lenth,Key Lengh"
"Katmai (Pentium III Core),Katmai (Pentium I Core),Katmai (Pentum III Core),Katmai (Pentum III Core)"
"Keyhole Mark-up Language,Keyhole Mark-p Language,Keyhole Markup Languge,Keyhole Markup Languge"
"Key Escrow,Key Escow,Key Escrow,Key Escow"
"KnowledgeTree,KnwledgeTree,KnowledgeTre,KnwledgeTree"
"KidsRuby,KdsRuby,KidsRby,KidsRby"
"Kernel-Based Virtual Machine,Kernel-Based Virual Machine,Kernel-Based Virtual Machne,Kernel-Based Virtual Machine"
"Kryder＊s Law,Kryder＊s Lw,Kryder's Law,Kryder＊s Law"
"Kilobits Per Second,Kilobits Per Secnd,Kilobits P Second,Kilobits Per Secnd"
"Kibibyte,Kibibte,Kibibyte,Kibibte"
"Knowledge Engineer,Knwledge Engineer,Knowledge Engneer,Knowledge Engneer"
"Keylogger,Keyloger,Keyloggr,Keyloger"
"Linux,Lnux,Linux,Linux"
"LMHOSTS File,LMHSTS File,LMHOST File,LMHSTS File"
"Linux, Apache, MySQL and PHP,Linux, Apche, MySQL and PHP,Linux, Apache, MySQL and PH,Linux, Apache, MySQL and PH"
"Linux, Apache, MySQL and Perl/PHP/Python,Linux, Apche, MySQL and Perl/PHP/Python,Linux, Apache, MySQL and Perl/PH/Python,Linux, Apache, MySQL and Perl/PH/Python"
"Loop,Lop,Loop,Loop"
"Local Area Network,Local Ara Network,Local Area Netwrk,Local Ara Network"
"Lean Programming,Len Programming,Lean Programing,Lean Programing"
"Legacy Code,Legcy Code,Legcy Code,Legacy Code"
"Laptop,Lapop,Laptp,Laptop"
"Latency,Ltency,Latncy,Latncy"
"Legacy Network,Legcy Network,Legcy Network,Legacy Netwrk"
"Local Multipoint Distribution Services,Local Multipoint Distribution Servces,Local Multipoit Distribution Services,Local Multipont Distribution Services"
"Longevity Testing,Longeity Testing,Longevity Tesing,Longevity Testng"
"Logical Link Control,Logical Lnk Control,Logical Link Cotrol,Logical Link Contol"
"La Fonera,La Fonra,La Fonera,La Fonra"
"Lights Out Data Center,Lights Out Dta Center,Lights Out Data Cener,Lights Out Dta Center"
"Liquid Cooling System,Lquid Cooling System,Liquid Coolng System,Lquid Cooling System"
"LANDesk Client Manager,LANDesk Client Manger,LANDesk Cilent Manager,LANDesk Client Manger"
"Lightweight Directory Access Protocol,Lightweight Directory Acces Protocol,Lightweight Directory Acce Protocol,Lightweight Directory Acces Protocol"
"Link Control Protocol,Lnk Control Protocol,Link Conrol Protocol,Link Contol Protocol"
"Leisure Diving,Lisure Diving,Leisure Dving,Lisure Diving"
"Localhost,Locahost,Localhos,Locahost"
"Linear Tape Open,Linar Tape Open,Linear Tpe Open,Linear Tape Ope"
"Link Farming,Lnk Farming,Link Frming,Link Farmin"
"Lock,Lok,Lock,Lok"
"Live Support,Lve Support,Live Suport,Lve Support"
"LaTeX,LaTe,LaTeX,LaTe"
"Layer 2 Tunneling Protocol,Layer 2 Tuneling Protocol,Layer 2 Tuneling Protocol,Layer 2 Tuneling Protocol"
"Logical Topology,Logical Topolgy,Logical Topology,Logical Topology"
"Linux Mobile Foundation,Linux Mobile Foudation,Linux Moble Foundation,Linux Mobile Foudation"
"Level Design,Levl Design,Level Desgn,Levl Design"
"Local Area Transport,Local Ara Transport,Local Area Trnsport,Local Ara Transport"
"Logic Bomb,Logc Bomb,Logic Bomb,Logc Bomb"
"Light Intensity Modulated Direct Overwrite,Light Intensity Moduated Direct Overwrite,Light Intensity Modlated Direct Overwrite,Light Intensity Modlated Direct Overwrite"
"Low Earth Orbit,Low Erth Orbit,Low Erth Orbit,Low Earth Orbt"
"Line of Sight,Lne of Sight,Line of Sigt,Lne of Sight"
"LAN Switching,LN Switching,LAN Swtching,LAN Switcing"
"Load File,Loa File,Load Fle,Loa File"
"Log-Periodic Antenna,Log-Perodic Antenna,Log-Periodic Anenna,Log-Perodic Antenna"
"Middleware,Mddleware,Middlware,Mddleware"
"Macro,Macr,Macro,Macr"
"Mobile Middleware,Mobile Mddleware,Mobile Middlware,Mobile Mddleware"
"Motherboard,Moterboard,Motherbord,Motherbord"
"Man-in-the-Middle Attack,Man-in-the-Midle Attack,Man-in-the-Middle Atack,Man-in-the-Midle Attack"
"Managed Print Service,Managed Prnt Service,Managd Print Service,Managd Print Service"
"Microsoft Office SharePoint Server,Microsoft Office SharePont Server,Microsoft Ofice SharePoint Server,Microsoft Ofice SharePoint Server"
"Micropayment,Microayment,Micropaymnt,Microayment"
"Manchester Encoding,Manchster Encoding,Manchster Encoding,Manchster Encoding"
"Monad,Monasd,Monasd,Monasd"
"Multistation Access Unit,Multistaion Access Unit,Multistation Acess Unit,Multistation Acess Unit"
"Multiplexer,Multiplxer,Multiplexr,Multiplexr"
"Maximum Transmission Unit,Maximum Tranmission Unit,Maxium Transmission Unit,Maximum Transmission Unit"
"Meaningful Use,Meaningfl Use,Meaingful Use,Meaningful Ue"
"MH Message Handling System,MH Mesage Handling System,MH Message Hndling System,MH Mesage Handling System"
"Malicious Software (Malware),Malicious Sftware (Malware),Malicous Software (Malware),Malicous Software (Malware)"
"Message Transfer Agent,Message Tranfer Agent,Mesage Transfer Agent,Mesage Tranfer Agent"
"Modem,Mdem,Modm,Mdem"
"Multiplexing,Multiplexng,Multiplexig,Multiplexng"
"Mainframe,Mainfram,Mainframne,Mainframr"
"Mobile Virtual Private Network,Mobil Virtual Private Network,Mobile Virtal Private Network,Mobile Virual Private Network"
"Mobile Marketing,Mobil Marketing,Mobile Markting,Mobile Markting"
"Multifunction Peripheral,Multifuction Peripheral,Multifunction Periphral,Multifunction Peripharl"
"Metasyntactic Variable,Metasyntactic Varaible,Metasynctactic Variable,Metasyntatic Variable"
"Microsoft Excel,Microsoft Exel,Microsoft Excsl,Microsoft Excl"
"Media Access Control,Media Acess Control,Media Acces Control,Media Aces Control"
"Martian Address,Martian Adress,Martian Adres,Martian Adres"
"MIT License,MIT Licnese,MIT Licens,MIT Licesne"
"Malicious Code,Malicous Code,Malicios Code,Malicius Code"
"Megabit,Megabitt,Megabyt,Megabitt"
"Megabyte,Megabite,Megabyt,Megabite"
"Mandatory Access Control,Mandatory Acess Control,Mandatory Acces Control,Mandatory Aces Control"
"Managed Document Service,Managed Docment Service,Managed Documnet Service,Managed Docment Service"
"Megabits Per Second,Megabits Per Secnd,Megabits Per Scond,Megabits Pe Second"
"Mobile Computing Promotion Consortium,Mobil Computing Promotion Consortium,Mobile Computing Promtion Consortium,Mobile Computing Promtion Consrtium"
"Microsoft Transaction Server,Microsoft Transction Server,Microsoft Trnsaction Server,Microsoft Trnsction Server"
"Middleweight Thread,Middleweght Thread,Middlewieght Thread,Middleweigth Thread"
"Main Distribution Frame,Main Distribtion Frame,Main Disribution Frame,Main Distributon Frame"
"Main Distribution Frame,Main Distribtion Frame,Main Disribution Frame,Main Distributon Frame"
"Memorandum of Understanding,Memorandum of Understnding,Memorandum of Undestanding,Memorandm of Understanding"
"Not Invented Here Syndrome,Not Invented Her Syndrome,Not Invnted Here Syndrome,Not Inveted Here Syndrome"
"Network Management,Network Managment,Network Managment,Netwrok Management"
"Nexus One,Nexu One,Nexus Oe,Nexs One"
"Natural Language Processing,Natural Langage Processing,Natural Languge Processing,Natural Langage Procesing"
"Netsplit,Netspllt,Netsplt,Netspt"
"Netiquette,Netiqutte,Netiquete,Netiquett"
"Network Diagram,Netwok Diagram,Network Diaram,Network Digram"
"Network Science,Netwok Science,Network Scince,Network Sciece"
"Network Theory,Netwok Theory,Network Theoy,Network Theoy"
"Next Generation Network,Nxt Generation Network,Next Genration Network,Next Genertion Network"
"Network Convergence,Netwok Convergence,Network Convergenc,Network Convergene"
"Network Tap,Netwok Tap,Network Ta,Network Tp"
"Network,Netwok,Netork,Netwrk"
"Network Bottleneck,Netwok Bottleneck,Network Botleneck,Network Bottleneck"
"Network Architecture,Netwok Architecture,Network Archtecture,Network Architeture"
"Next Hop,Nxt Hop,Next Hp,Next Hp"
"Named User License,Namd User License,Named Uer License,Named User Licese"
"NetRexx,NetRx,NetRex,NetRe"
"Network Port,Netwok Port,Network Prt,Network Por"
"Network Security,Netwok Security,Network Scurity,Network Scurity"
"Network Operations Center,Netwok Operations Center,Network Oprations Center,Network Operatons Center"
"Network Coding,Netwok Coding,Network Codig,Network Codig"
"Netware Core Protocol,Netwre Core Protocol,Netware Core Protool,Netware Core Proocol"
"Nodezilla,Nodzila,Nodzill,Nodezila"
"NetBeans,NetBens,NetBeas,NetBeas"
"Numa Numa Dance,Numa Nma Dance,Numa Num Dance,Numa Numa Dace"
"Network Time Protocol,Netwok Time Protocol,Network Tme Protocol,Network Tie Protocol"
"Network Address Translation,Netwok Address Translation,Network Adress Translation,Network Adres Translation"
"Network PC,Netwok PC,Netwrk PC,Network P"
"Network Interface Device,Netwok Interface Device,Network Interace Device,Network Interfce Device"
"Not-Null Constraint,Not-Nul Constraint,Not-Nll Constraint,Not-Nul Constraint"
"Nym Server,Nm Server,Nym Serevr,Nym Srver"
"Nuker,Nukr,Nuke,Nuker"
"Nonrepudiation,Nonrepudition,Nonreputation,Nonrepuditon"
"Normalization,Normaliztion,Normlization,Normlization"
"Network Attached Storage,Netwok Attached Storage,Network Atached Storage,Network Attched Storage"
"Network Layer,Netwok Layer,Network Lyer,Network Laye"
"Network Information Service,Netwok Information Service,Network Inforation Service,Network Infrmation Service"
"Noise,Niose,Nosie,Nise"
"NetWeaver,NetWeavr,NetWaver,NetWeaver"
"Online Analytical Processing,Online Anlytical Processing,Online Analytcal Processing,Online Anaytical Processing"
"Open Database Connectivity,Open Datbase Connectivity,Open Dtabase Connectivity,Open Datbase Conectivity"
"Oracle Database,Orcle Database,Oracle Dtabase,Orale Database"
"Online Transaction Processing,Online Trnsaction Processing,Online Tranaction Processing,Online Trnsaction Procesing"
"OLE for Process Control Specification,OLE for Proces Control Specification,OLE fr Process Control Specification,OLE for Process Cntrol Specification"
"Object-Oriented Programming (OOP),Object-Orented Programming (OOP),Object-Oriented Progrmming (OOP),Object-Oriented Progrmming (OOP)"
"Open Systems Interconnection Model,Open Sytems Interconnection Model,Open System Interconection Model,Open Sytems Interconection Model"
"Open Document Format,Open Docment Format,Open Document Fomat,Open Documnt Format"
"Orthogonal Frequency Division Multiplexing,Orthogonal Freuency Division Multiplexing,Orthogonal Freuency Divison Multiplexing,Orthoganal Frequency Division Multiplexing"
"Object-Oriented Database,Object-Orented Database,Object-Oriented Dtabase,Object-Oriented Databse"
"Optical Mesh Network,Optcal Mesh Network,Optical Msh Network,Opticl Mesh Network"
"Operating System Security,Operating Sytem Security,Operating System Scurity,Operatng System Security"
"Office of the National Coordinator 每 Authorized Testing and Certification Body,Office of the National Coordnator 每 Authorized Testing and Certification Body,Office of the National Coordnator 每 Authorized Testing and Certification Bdy,Office of the Nationl Coordinator 每 Authorized Testing and Certification Body"
"Operating System Virtualization,Operating Sytem Virtualization,Operating System Virtualzation,Operatng System Virtualization"
"Office of the National Coordinator for Health Information Technology,Office of the National Coordnator for Health Information Technology,Office of the National Coordnator for Health Information Technlogy,Office of the Nationl Coordinator for Health Information Technology"
"Open-Source Software,Open-Source Sofware,Open-Source Sftware,Open-Source Sftware"
"Open Net Environment,Ope Net Environment,Open Net Enviroment,Ope Net Enviroment"
"Obfuscator,Obfscator,Obfuscater,Obfusctor"
"Optical Scanner,Optcal Scanner,Optical Scnner,Opticl Scanner"
"Open Shortest Path First,Ope Shortest Path First,Open Shortet Path First,Open Shortst Path First"
"Orthogonal,Orthogonl,Orhogonal,Orthoganal"
"Open Source Hardening Project,Ope Source Hardening Project,Open Source Hardning Project,Open Source Hardening Poject"
"Open Digital Rights Language,Ope Digital Rights Language,Open Digital Righs Language,Open Digial Rights Language"
"Online Backup,Online Bacup,Onine Backup,Onine Bacup"
"Opt-In Email,Opt-In Emil,OptIn Email,OptIn Emil"
"Original Equipment Manufacturer,Original Equipmnt Manufacturer,Orignal Equipment Manufacturer,Origial Equipment Manufacturer"
"Open Virtualization Format,Ope Virtualization Format,Open Virtualzation Format,Open Virtualiztion Format"
"OSI Protocols,OSI Protcols,OSI Protocls,OSI Prtocols"
"Object-Oriented Database Management System,Object-Orented Database Management System,Object-Oriented Dtabase Management System,Object-Oriented Databse Management System"
"Object-Relational Database Management System,Object-Relational Dtabase Management System,Object-Relational Database Managment System,Object-Relational Databse Management System"
"Owling,Owlng,Owlig,Owlnig"
"Open-Source Virtual Private Network,Open-Source Virtal Private Network,Open-Source Virtual Private Netwrk,Open-Source Virtul Private Network"
"Operation Shady Rat,Opeation Shady Rat,Operation Shady Rt,Operation Shady Ra"
"Original Equipment Manufacturer Unbundling,Original Equipmnt Manufacturer Unbundling,Orignal Equipment Manufacturer Unbundling,Origial Equipment Manufacturer Unbundlng"
"Overloading,Oerloading,Ovrloading,Ovrloading"
"Online Advertising,Online Adverting,Onine Advertising,Onine Adverting"
"Overclocking,Overcloking,Ovrclocking,Overcoking"
"Object Request Broker,Object Requet Broker,Object Requst Broker,Object Requet Brokr"
"One-to-Many Relationship,One-to-Many Relatioship,One-to-Many Relatinship,One-to-Many Rlationship"
"Object Code,Object Cod,Object Cde,Object Coe"
"Platform as a Service,Platfrm as a Service,Platform as a Serice,Platfrm as a Srvice"
"Project Manager,Projec Manager,Project Managr,Projec Managr"
"Product Life Cycle,Product Lif Cycle,Product Life Cyle,Product Lfe Cycle"
"Practical Extraction and Report Language,Practical Extrction and Report Language,Practical Extraction and Reprt Language,Practical Extraction and Reort Language"
"Parallel Interface,Paralel Interface,Paralel Interfce,Parallel Interfce"
"Port Knocking,Prt Knocking,Port Knokcing,Prt Knokcing"
"Primary Key,Primry Key,Primary Ky,Primry Ky"
"Portal (Internet),Prtal (Internet),Portal (Internt),Prtal (Internt)"
"Patent,Pattent,Paten,Patnt"
"Performance Reference Model,Performance Refernce Model,Performnce Reference Model,Performnce Refernce Model"
"PostgreSQL,PostgreSL,PostrgeSQL,PostrgeSL"
"Procedural Language/Structured Query Language,Procedurl Language/Structured Query Language,Procedural Language/Structred Query Language,Procedurl Language/Structred Query Language"
"Port (an Application),Prt (an Application),Port (an Applcation),Prt (an Applcation)"
"PayPal,PayPl,PayPall,PayPll"
"Personal Information Manager,Personal Information Managr,Personal Informaton Manager,Personal Informaton Managr"
"Pseudocode,Pseudocde,Pseuocode,Pseudocoe"
"Programming Language One,Programming Langage One,Progrmming Language One,Progrmming Langage One"
"Prototype,Prototyp,Prototpe,Protottype"
"Password Protection,Pasword Protection,Password Protecton,Pasword Protecton"
"Platform,Platfrm,Platorm,Platfrm"
"Personal System/2,Personal Systm/2,Prsonal System/2,Prsonal Systm/2"
"Peppermint,Peppermnt,Peppermin,Pepprmint"
"Peripheral Component Interconnect Express 每 PCI Express,Periphral Component Interconnect Express 每 PCI Express,Peripheral Component Interconect Express 每 PCI Express,Periphral Component Interconect Express 每 PCI Express"
"Public Switched Telephone Network,Pblic Switched Telephone Network,Public Switched Telepone Network,Pblic Switched Telepone Network"
"Program Evaluation and Review Technique,Program Evaluation and Reiew Technique,Program Evaluaton and Review Technique,Program Evaluaton and Reiew Technique"
"Programming Language Generations,Programming Langage Generations,Progrmming Language Generations,Progrmming Langage Generations"
"Programming Language,Programming Langage,Progrmming Language,Progrmming Langage"
"Pixel Pipelines,Pixel Piplines,Pixel Pipline,Pixel Pplines"
"Personal Digital Assistant,Personal Digial Assistant,Personal Digtal Assistant,Personal Digial Asistant"
"Personal Area Network,Personal Aea Network,Personal Area Netwrk,Personal Aea Netwrk"
"Product Lifecycle Management,Product Lifcycle Management,Product Lifecycle Managment,Product Lifcycle Managment"
"Practice Management Software,Prctice Management Software,Practice Managemnt Software,Prctice Managemnt Software"
"Planking,Plnking,Plankng,Plankng"
"Parallel Processing Software,Paralel Processing Software,Paralel Processing Softare,Parallel Procesing Software"
"Protected Health Information,Protected Helth Information,Protectd Health Information,Protected Halth Information"
"Product Quality Management,Product Quality Managment,Product Qality Management,Product Qality Managment"
"Pay Per Click,Py Per Click,Pay Per Clck,Py Per Clck"
"Public Key Infrastructure,Pblic Key Infrastructure,Public Key Infrastrcture,Pblic Key Infrastrcture"
"Program Evaluation Review Technique Chart,Program Evaluation Reiew Technique Chart,Program Evaluaton Review Technique Chart,Program Evaluaton Reiew Technique Chart"
"Point of Sale,Point of Slae,Pont of Sale,Pont of Slae"
"Query,Qery,Qury,Query"
"Quality Systems Regulations,Quality Systems Reglations,Qualty Systems Regulations,Qualty Systems Reglations"
"Qik,Qk,Qik,Qik"
"Quality of Experience,Qualty of Experience,Quality of Experince,Qualty of Experince"
"Quality of Service,Qualty of Service,Quality of Servce,Qualty of Servce"
"QualityStage,QualtyStage,QualityStge,QualityStae"
"Quad Band,Quad Bnd,Qud Band,Qud Bnd"
"Quality Assurance (QA),Qualty Assurance (QA),Quality Asurance (QA),Qualty Asurance (QA)"
"Q.931,Q.91,Q.93,Q.31"
"Quick Response Code,Quick Respnse Code,Quik Response Code,Quik Respnse Code"
"Quantcast,Quantcst,Quntcast,Quntcst"
"Q Signaling,Q Signaling,Q Sigaling,Q Signalig"
"Queue,Queu,Quee,Que"
"Query Optimizer,Qery Optimizer,Query Optimzer,Qery Optimzer"
"Quality In, Quality Out,Quality In, Quality Ot,Qualty In, Quality Out,Qualty In, Quality Ot"
"Qualified Identifier,Qualifid Identifier,Qualified Identfier,Qualifid Identfier"
"Query By Example,Query By Exmple,Qery By Example,Qery By Exmple"
"Quantum Computer,Quantum Comuter,Quantm Computer,Quantm Comuter"
"QuickTime,QuikTime,QuickTme,QuikTme"
"Quantum Computing,Quantm Computing,Quantum Computng,Quantm Computng"
"QWERTY Keyboard,QWERY Keyboard,QWERTY Keybord,QWERTY Keyboad"
"Qi,Q,Qii,Qi"
"Query String,Qery String,Query Strng,Qery Strng"
"Queries-per-Second,Quries-per-Second,Queries-per-Scond,Quries-per-Scond"
"Quarantine,Quarntine,Quarntine,Quarantie"
"Quarter Common Intermediate Format,Quarter Common Intermedate Format,Quater Common Intermediate Format,Quater Common Intermedate Format"
"Quick Access Toolbar,Quick Acess Toolbar,Quik Access Toolbar,Quik Acess Toolbar"
"Query Language,Qery Language,Query Lnguage,Qery Lnguage"
"Quad-Core Processor,Qud-Core Processor,Quad-Core Procssor,Qud-Core Procssor"
"Query Analysis,Qery Analysis,Query Anlysis,Qery Anlysis"
"Quantum Dot,Quantm Dot,Quantum Dt,Quantm Dt"
"Quadrature Amplitude Modulation,Quadrature Amplitude Modlaton,Quadratre Amplitude Modulation,Quadratre Amplitude Modlaton"
"Quicksort,Quicksrt,Qicksort,Qickso"
"QNX,QN,QNX,QN"
"Quality Control,Qualty Control,Quality Contol,Qualty Contol"
"Quad HD,Qud HD,Quad H,Qud H"
"Quantum Bit,Quantm Bit,Quantum Bt,Quantm Bt"
"Qt,Q,Q,Q"
"Qualified Security Assessor,Qualifid Security Assessor,Qualified Scurity Assessor,Qualifid Scurity Assessor"
"Qi Wireless Charging,Q Wireless Charging,Qi Wireles Charging,Q Wireless Charging"
"Radio Frequency Identification Tag,Radio Freqency Identification Tag,Radio Frequency Identfication Tag,Radio Freqency Identfication Tag"
"Ruby,Rby,Ruby,Rby"
"Relational Database Management System,Relational Dtabase Management System,Relational Database Managment System,Relational Datbase Management System"
"Random Access Memory,Randm Access Memory,Random Acess Memory,Randm Acess Memory"
"Region of Interest,Region of Intrest,Regin of Interest,Regin of Intrest"
"Radio Frequency Monitoring,Radio Freqency Monitoring,Radio Frequency Monitring,Radio Freqency Monitring"
"Remote Wake-Up,Remte Wake-Up,Remote Wae-Up,Remte Wae-Up"
"Remote Office/Branch Office Backup and Recovery,Remote Office/Branch Ofice Backup and Recovery,Remote Ofice/Branch Office Backup and Recovery,Remote Office/Branch Office Backp and Recovery"
"Record,Recrd,Reord,Recrd"
"Read-Only Memory,Read-Only Memry,Read-Ony Memory,Read-Ony Memry"
"Referential Integrity,Referental Integrity,Refrential Integrity,Refrental Integrity"
"Replication,Repliction,Replicaton,Replcation"
"Regression Testing,Regresion Testing,Regresion Testng,Regrssion Testing"
"Rollback,Rollbak,Rolback,Rolbak"
"Relationship,Relatonship,Rlationship,Relatnship"
"Regional Broadband Global Area Network,Regional Broadand Global Area Network,Regional Brodband Global Area Network,Regionl Broadband Global Area Network"
"Radio Frequency Identification,Radio Freqency Identification,Radio Frequency Identfication,Radio Freqency Identfication"
"RFID Chip,RFID Chp,RID Chip,RID Chp"
"Regular Language for XML Next Generation,Regular Languge for XML Next Generation,Regular Language fr XML Next Generation,Regular Languge fr XML Next Generation"
"Rickrolling,Rickroling,Rickrollng,Rickroling"
"Registered Jack-11,Registerd Jack-11,Regisered Jack-11,Registerd Jak-11"
"Regional Health Information Exchange,Regionl Health Information Exchange,Regional Health Infrmation Exchange,Regionl Health Infrmation Exchange"
"Radio Frequency Field,Radio Frequncy Field,Radio Frequency Fild,Radio Frequncy Fild"
"Routing Information Protocol,Routing Informaton Protocol,Routing Informaton Proocol,Routing Infrmation Protocol"
"RSA Identification Verification for Health Care,RSA Identfication Verification for Health Care,RSA Identification Verfication for Health Care,RSA Identfication Verfication for Health Care"
"Role-Based Access Control,Rol-Based Access Control,Role-Based Acess Control,Rol-Based Acess Control"
"Routing Switch,Routing Swith,Routing Swich,Routing Swith"
"Routing Switch,Routing Swith,Routing Swich,Routing Swith"
"Router,Roter,Roouter,Roter"
"Router,Roter,Roouter,Roter"
"Rapid Application Development,Rapid Aplication Development,Rapid Application Develoment,Rapid Aplication Develoment"
"Reconfigurable Tactile Display,Reconfigrable Tactile Display,Reconfigurable Tactile Disply,Reconfigrable Tactile Disply"
"Route Control,Rute Control,Route Contol,Rute Contol"
"Rights Expression Language,Rights Expresion Language,Rights Expression Langage,Rights Expresion Langage"
"Rights Clearance,Rights Clrance,Righs Clearance,Righs Clrance"
"Real-Time Transport Protocol,Real-Time Trasport Protocol,Real-Time Transport Protool,Real-Time Trasport Protool"
"Release Management,Releae Management,Release Managment,Releae Managment"
"Reduce, Reuse, Recycle,Reduce, Reuse, Recyle,Reduce, Reuse, Recle,Reduce, Ruse, Recycle"
"Rollover,Roleover,Rolloer,Roleover"
"Relationship E-commerce,Relatonship E-commerce,Relationship E-comerce,Relatonship E-comerce"
"Software Development Kit,Sftware Development Kit,Softwre Development Kit,Sftware Developmnt Kit"
"Software Development Process,Sftware Development Process,Softwre Development Process,Sftware Developmnt Process"
"Scripting Language,Scripting Languge,Scipting Language,Scipting Languge"
"Structured Query Language,Structured Qery Language,Strctured Query Language,Strctured Qery Language"
"SQL Injection,SQL Injetion,SQL Inection,SQL Injetion"
"Synthetic Backup,Synthetic Backp,Syntheic Backup,Syntheic Backp"
"SQL Server,SQL Srever,SQL Serer,SQL Srever"
"Stored Procedure,Stored Procedre,Stored Procedur,Store Procedur"
"Smartphone,Smartphne,Smatphone,Smatphne"
"Sarbanes-Oxley Act,Sarbanes-Oxly Act,Sarbnes-Oxley Act,Sarbnes-Oxly Act"
"Systems Network Architecture,Systems Netwrk Architecture,Systems Network Archtecture,Systems Netwrk Archtecture"
"SQL Profiler,SQL Proiler,SQL Prfiler,SQL Proiler"
"Superkey,Superky,Sperkey,Sperky"
"Schema,Schma,Scema,Scma"
"SELECT (Databases),SELEC (Databases),SELCT (Databases),SELEC (Databass)"
"SELECT (Databases),SELEC (Databases),SELCT (Databases),SELEC (Databass)"
"Self-Join,Self-Jin,Self-Jon,Self-Jin"
"Snapshot Replication,Snapshott Replication,Snapshott Replicaton,Snaphot Replication"
"SQL Agent,SQL Agnt,SQL Aent,SQL Agnt"
"Standard Generalized Markup Language,Standard Generalized Mrkup Language,Standard Generlized Markup Language,Standard Generlized Mrkup Language"
"Single Inline Memory Module,Single Inline Memry Module,Sngle Inline Memory Module,Sngle Inline Memry Module"
"Single Inline Memory Module,Single Inline Memry Module,Sngle Inline Memory Module,Sngle Inline Memry Module"
"Static Random Access Memory,Static Random Acess Memory,Static Radom Access Memory,Static Radom Acess Memory"
"Symbian,Symbin,Smbian,Smbin"
"Strongly Typed,Strongly Tped,Strongly Tped,Strngly Typed"
"System Development Lifecycle,System Developmnt Lifecycle,System Development Lifecycl,System Developmnt Lifecycl"
"Smoke Testing,Smke Testing,Smoke Testng,Smke Testng"
"Second Generation (Programming) Language,Second Generation (Programing) Language,Second Generation (Programing) Languge,Second Genration (Programming) Language"
"Steganography,Stegnography,Steganogaphy,Stegnogaphy"
"Smartwatch,Smartwach,Smartwatc,Smartwatc"
"Switched Multimegabit Data Service,Switched Multimegabt Data Service,Switched Multimegabit Dta Service,Switched Multimegabt Dta Service"
"Software as a Service,Sftware as a Service,Software as a Serice,Sftware as a Serice"
"Scalable Link Interface,Scalable Lnk Interface,Scalble Link Interface,Scalble Lnk Interface"
"Stereoscopic Imaging,Stereoscopi Imaging,Sterescopic Imaging,Sterescopi Imaging"
"Stop Motion Animation,Stop Mtion Animation,Stop Motion Anmation,Stop Mtion Anmation"
"Session Initiation Protocol for Business,Session Initiation Protool for Business,Session Initiaton Protocol for Business,Session Initiaton Protool for Business"
"Sound Card,Sund Card,Sond Card,Sund Card"
"Security Information Management,Scurity Information Management,Security Infrmation Management,Scurity Infrmation Management"
"Shotgun Approach,Shotgn Approach,Shotgun Aproach,Shotgn Aproach"
"Stuxnet,Stuxet,Stxnet,Stxet"
"Transact-SQL,Transct-SQL,Trnsact-SQL,Trnsct-SQL"
"Transaction Processing Monitor,Transaction Procesing Monitor,Transction Processing Monitor,Transction Procesing Monitor"
"Transaction,Transction,Transacion,Transacion"
"Table,Tble,Tabe,Tble"
"Two-Phase Commit,Two-Phae Commit,Two-Phse Commit,Two-Phae Commt"
"Tuple (Database),Tupe (Database),Tple (Database),Tple (Databse)"
"Taskbar,Tskbar,Tasbar,Tskbar"
"Transactional Replication,Transactonal Replication,Transactionl Replication,Transactonal Replicaton"
"Third Generation Wireless,Third Genration Wireless,Third Generation Wireles,Third Genration Wireles"
"Third Generation (Programming) Language,Third Genration (Programming) Language,Third Generation (Programing) Language,Third Genration (Programing) Language"
"Tap (Digital Input Method),Tp (Digital Input Method),Tap (Digial Input Method),Tp (Digial Input Method)"
"Traffic Contract,Taffic Contract,Trafc Contract,Taffic Contract"
"Time Division Multiplexing,Tme Division Multiplexing,Time Divison Multiplexing,Tme Divison Multiplexng"
"Trojan Horse,Trojan Hores,Trojan Hors,Trojan Hores"
"Troll,Tol,Trol,Tol"
"Terminal Access Controller Access Control System,Terminal Acess Controller Access Control System,Terminal Access Contrller Access Control System,Terminal Acess Contrller Access Control System"
"Trust Anchor,Trst Anchor,Trust Anhor,Trst Anhor"
"Transmission Control Protocol/Internet Protocol,Transmssion Control Protocol/Internet Protocol,Transmission Control Protocol/Internt Protocol,Transmssion Control Protocol/Internt Protocol"
"Tool Provider,Tol Provider,Tool Prvider,Tol Prvider"
"Toaster,Toastr,Toster,Tostr"
"Tablet,Tabet,Talet,Tabet"
"Tunneling,Tuneling,Tunnelng,Tunelng"
"TEMPEST,TEMEST,TEPEST,TEPST"
"Text Messaging,Tet Messaging,Text Mesaging,Tet Mesaging"
"Telecommunications,Telecomunications,Telecommunicatons,Telecomunicatons"
"Terminal Emulation,Terminal Emuation,Terinal Emulation,Terinal Emuation"
"Tech Secondary Market,Tec Secondary Market,Tech Seconary Market,Tec Seconary Market"
"Token Ring Network,Tken Ring Network,Token Rng Network,Tken Rng Network"
"Transport Right,Transport Rght,Transprt Right,Transprt Rght"
"Triple DES,Triple DS,Trple DES,Trple DS"
"Tiger,Tigr,Tiger,Tigr"
"Three-Tier Architecture,Three-Tir Architecture,Three-Tier Archtecture,Three-Tir Archtecture"
"The Green Grid,The Grn Grid,Te Green Grid,Te Grn Grid"
"Thumbing,Thumbng,Thmbing,Thmbng"
"Telecommunications Closet,Telecomunications Closet,Telecommunications Closett,Telecomunications Closett"
"Telecommunications Closet,Telecomunications Closet,Telecommunications Closett,Telecomunications Closett"
"Terminal Node Controller,Terminal Nde Controller,Termnal Node Controller,Termnal Nde Controller"
"Total Cost of Ownership,Total Cost of Oership,Total Cost of Ownrship,Total Cost of Owrship"
"Teradata,Teraata,Teradta,Teraata"
"Telecommunications Equipment Manufacturer,Telecomunications Equipment Manufacturer,Telecommunications Equipment Manfacturer,Telecomunications Equipment Manfacturer"
"Unique Constraint,Uniqe Constraint,Unique Constrint,Uniqe Constrint"
"Universal Serial Bus (USB),Unversal Serial Bus (USB),Universal Srial Bus (USB),Unversal Srial Bus (USB)"
"Universal Mobile Telecommunications System,Universal Mobile Telecommnications System,Universal Mobile Telecommuncations System,Universal Mobile Telecommnications Sysem"
"User-Level Security,User-Leel Security,User-Levl Security,User-Leel Scurity"
"Unified Process,Unifed Process,Unified Proess,Unifed Proess"
"User Datagram Protocol,User Datgram Protocol,User Datagarm Protocol,User Datgram Proocol"
"Unified Modeling Language,Unifed Modeling Language,Unified Modelng Language,Unifed Modelng Language"
"Universal Service Bus Modem,Unversal Service Bus Modem,Universal Srvice Bus Modem,Unversal Srvice Bus Modem"
"Universal Plug and Play,Unversal Plug and Play,Universal Plg and Play,Unversal Plg and Play"
"Unsolicited Bulk Email,Unsolicited Blk Email,Unsolicited Buk Email,Unsolicited Blk Email"
"Universal Business Language,Unversal Business Language,Universal Busness Language,Unversal Busness Language"
"University-Based Training,Unversity-Based Training,University-Basd Training,Unversity-Basd Training"
"Unlocked Cellphone,Unlokced Cellphone,Unlocked Celphone,Unlokced Celphone"
"Upstream,Upstrem,Upsteam,Upstrem"
"Unix,Uix,Unx,Uix"
"Uniform Resource Identifier,Unifrm Resource Identifier,Uniform Resouce Identifier,Unifrm Resouce Identifier"
"Universally Unique Identifier,Unversally Unique Identifier,Universaly Unique Identifier,Unversaly Unique Identifier"
"URL Redirect,URL Rediect,URL Rediret,URL Rediect"
"Ultra-Mobile Personal Computer,Ultra-Mobile Personl Computer,Ultra-Mobile Persnal Computer,Ultra-Mobile Personl Computer"
"Uniform Resource Locator,Unifrm Resource Locator,Uniform Resouce Locator,Unifrm Resouce Locator"
"User Acceptance Testing (UAT),User Acceptance Testng (UAT),User Acceptnce Testing (UAT),User Acceptnce Testng (UAT)"
"Undelete,Undelet,Undelete,Undelet"
"Use Case,Ue Case,Use Cse,Ue Cse"
"Unbundled Network Element,Unbundled Network Elment,Unbundled Netwrk Element,Unbundled Netwrk Elment"
"Usability,Usbility,Usabilty,Usbilty"
"Universal Terrestrial Radio Access,Unversal Terrestrial Radio Access,Universal Terestrial Radio Access,Unversal Terestrial Radio Access"
"Unified Communications,Unifed Communications,Unified Communicatons,Unifed Communicatons"
"Unix-to-Unix Copy,Uix-to-Unix Copy,Unix-to-Unx Copy,Uix-to-Unx Copy"
"UPDATE,UPATE,UDATE,UPATE"
"Uninterruptible Power Supply,Unnterruptible Power Supply,Uninterruptible Pwer Supply,Unnterruptible Pwer Supply"
"Upload,Uplad,Uplod,Uplad"
"User Exit,Uer Exit,User Ext,Uer Ext"
"Ubuntu,Ubntu,Ubunt,Ubntu"
"Unified Computing System,Unifed Computing System,Unified Computng System,Unifed Computng System"
"URL Shortening,URL Shortning,URL Shorteng,URL Shortning"
"Unicast Address,Unicst Address,Unicat Address,Unicst Address"
"Upgrade,Upgade,Upgrde,Upgade"
"Unsolicited Commercial Email,Unsolicited Commerial Email,Unsolicited Commercal Email,Unsolicited Commerial Email"
"Unsafe,Unsfe,Unsae,Unsfe"
"Universal Serial Bus 2.0,Unversal Serial Bus 2.0,Universal Srial Bus 2.0,Unversal Srial Bus 2.0"
"Virtual Memory,Virtal Memory,Virtul Memory,Virtal Memory"
"Vi,V,V,V"
"Virtual Reality Modeling Language,Virtal Reality Modeling Language,Virtul Reality Modeling Language,Virtal Reality Modelng Language"
"Virtual Appliance,Virtal Appliance,Virtul Appliance,Virtal Apliance"
"Variable (Mathematics),Varable (Mathematics),Varible (Mathematics),Varable (Mathmatics)"
"Voice Call Continuity,Voce Call Continuity,Voice Cal Continuity,Voce Cal Continuity"
"Vertical Sync,Vertcal Sync,Verticl Sync,Vertcal Sync"
"Video Card,Vido Card,Video Crd,Vido Crd"
"Video Graphics Array (VGA) Connector,Video Graphics Aray (VGA) Connector,Video Graphcs Array (VGA) Connector,Video Graphcs Aray (VGA) Connector"
"Virus,Virus,Vrus,Vrus"
"Voice Over Internet Protocol,Voice Over Internent Protocol,Voice Ovr Internet Protocol,Voice Ovr Internent Protocol"
"Virtualization Sprawl,Virtalization Sprawl,Virtulization Sprawl,Virtalization Sprwl"
"Virtualization Stack,Virtalization Stack,Virtulization Stack,Virtalization Stck"
"Vulnerability,Vulnerbility,Vulnerabilty,Vulnerbility"
"Video Conferencing,Vido Conferencing,Video Conferencng,Vido Conferencng"
"Virtual Internet Service Provider,Virtal Internet Service Provider,Virtul Internet Service Provider,Virtal Internet Servce Provider"
"Virtual Network Computing,Virtal Network Computing,Virtul Network Computing,Virtal Netwrk Computing"
"Virtual Private Server (VPS),Virtal Private Server (VPS),Virtul Private Server (VPS),Virtal Private Sevrer (VPS)"
"Virtual Machine,Virtal Machine,Virtul Machine,Virtal Machne"
"Virtual I/O,Virtal I/O,Virtul I/O,Virtal I/O"
"Video on Demand,Vido on Demand,Video on Demnd,Vido on Demnd"
"Virtual Private Network Appliance,Virtal Private Network Appliance,Virtul Private Network Appliance,Virtal Private Netwrk Appliance"
"Voice Commerce,Voce Commerce,Voice Comerce,Voce Comerce"
"Very-High-Bitrate Digital Subscriber Line,Very-High-Bitrate Digial Subscriber Line,Very-High-Bitrate Digital Subcriber Line,Very-High-Bitrate Digial Subcriber Line"
"Vulcan Nerve Pinch,Vulcn Nerve Pinch,Vulcan Nerve Pich,Vulcn Nerve Pich"
"VxWorks,VxWors,VWox,VWors"
"Vertical Blanking Interval,Vertcal Blanking Interval,Verticl Blanking Interval,Vertcal Blaning Interval"
"Virtualization,Virtalization,Virtulization,Virtaliztion"
"VMware,Vware,Vare,Vare"
"Vmware Server,Vmare Server,Vmare Servr,Vmare Servr"
"VMware ESX,Vare ESX,VMare ESX,Vare ESX"
"VMware Thinapp,Vare Thinapp,VMare Thinap,Vare Thinap"
"VoIP Trunk Gateway,VoiP Trunk Gateway,VOP Trunk Gateway,VoiP Trnk Gateway"
"VMware Workstation,Vare Workstation,VMare Worksttion,Vare Worksttion"
"Vmware Player,Vmare Player,Vare Player,Vare Player"
"Voice Over IP Security Alliance,Voce Over IP Security Alliance,Voice Ovr IP Security Alliance,Voce Ovr IP Security Alliance"
"Virtual Data Room,Virtal Data Room,Virtul Data Room,Virtal Data Rom"
"VMware Virtual Machine File System,Vare Virtual Machine File System,VMare Virtual Machine File Sytem,Vare Virtual Machine File Sytem"
"Vmware Fusion,Vmare Fusion,Vare Fusion,Vare Fusin"
"Visual Studio Team System,Visual Studo Team System,Viusal Studio Team System,Viusal Studo Team System"
"Windows Internet Naming Service,Wndows Internet Naming Service,Windows Internt Naming Service,Wndows Internt Naming Service"
"World Roaming,Worl Roaming,Word Roaming,Worl Roaming"
"Web Content Management,Wb Content Management,Web Contnt Management,Wb Contnt Management"
"Windows 2000,Widows 2000,Windos 2000,Widows 2000"
"Workaround,Workarund,Wokaround,Wokarund"
"Wi-Fi Protected Access,Wi-Fi Protected Acess,Wi-Fi Protcted Access,Wi-Fi Protcted Acess"
"Windows Driver Model,Wndows Driver Model,Windows Drver Model,Wndows Drver Model"
"Wi-Fi Protected Access II,Wi-Fi Protected Acess II,Wi-Fi Protcted Access II,Wi-Fi Protcted Acess II"
"Wiki,Wik,Wki,Wki"
"Warm Standby,Warm Stndby,Wam Standby,Wam Stndby"
"Wildcard Character,Wildcar Character,Wildcrd Character,Wildcar Charcter"
"Widget,Wedget,Widget,Wedget"
"Wavelength Division Multiplexing,Wavelength Divison Multiplexing,Wavelngth Division Multiplexing,Wavelngth Divison Multiplexing"
"Web Services Description Language,Wb Services Description Language,Web Servces Description Language,Wb Servces Description Language"
"Worm,Wom,Wom,Wom"
"What You See Is What You Get,What You Se Is What You Get,Wht You See Is What You Get,Wht You Se Is What You Get"
"Wallpaper,Walpaper,Walpaper,Walpaper"
"Wirth＊s Law,Wrth＊s Law,Wirt＊s Law,Wrth＊s Law"
"Work Flow,Work Flw,Wok Flow,Wok Flw"
"Windows Vista,Widows Vista,Windows Vsta,Widows Vsta"
"Web Development,Wb Development,Web Develoment,Wb Develoment"
"Web Host,Wb Host,Web Hst,Wb Hst"
"Wireless Internet Service Provider,Wireless Internt Service Provider,Wireles Internet Service Provider,Wireles Internt Service Provider"
"Word Wrap,Word Wap,Wrd Wrap,Wrd Wap"
"Watchdog Timer,Watchog Timer,Watchdog Tmer,Watchog Tmer"
"Wireless Fidelity,Wireless Fidelty,Wireless Fideliy,Wireless Fidelty"
"Workgroup Productivity Package,Workgroup Productvity Package,Workgroup Productivity Packge,Workgroup Productvity Packge"
"Web Services Security,Wb Services Security,Web Servces Security,Wb Servces Security"
"Word Processor,Word Procesor,Wrd Processor,Wrd Procesor"
"Wireless Markup Language,Wireless Markp Language,Wireles Markup Language,Wireles Markp Language"
"Wireless Abstract XML,Wireless Abstrct XML,Wireles Abstract XML,Wireles Abstrct XML"
"Webby,Weby,Weby,Weby"
"Web-Based Training,Wb-Based Training,Web-Based Traning,Wb-Based Traning"
"Workstation,Worksttion,Wrkstation,Wrksttion"
"Web Components,Wb Components,Web Compnents,Wb Compnents"
"Web Accessibility Initiative,Wb Accessibility Initiative,Web Acessibility Initiative,Wb Acessibility Initiative"
"World Intellectual Property Organization,Wold Intellectual Property Organization,World Intelectual Property Organization,Wold Intelectual Property Organization"
"Wireless Network,Wireles Network,Wireless Netwrk,Wireles Netwrk"
"Wireless Sensor Network,Wireles Sensor Network,Wireless Senor Network,Wireles Senor Network"
"Web Analytics,Wb Analytics,Web Analytcs,Wb Analytcs"
"X.500,X50,X.50,X50"
"X.400,X40,X.40,X40"
"X.25,X25,X.2,X2"
"XML Data Island,XML Data Islad,XML Data Islnd,XML Data Islad"
"XML Schema,XML Schma,XML Scema,XML Schma"
"Xerox Network Systems,Xerx Network Systems,Xerox Netwrk Systems,Xerx Netwrk Systems"
"XMODEM,XMDEM,XMOEM,XMDEM"
"X.Org Foundation,X.Org Foudation,X.Org Fndation,X.Org Foudation"
"X Terminal,X Termnal,X Terinal,X Termnal"
"xDSL,xDS,xDS,xDS"
"X.Org Server,X.Org Serer,X.Org Srever,X.Org Serer"
"Xenodochial,Xenodochial,Xenodocial,Xenodocial"
"X Window System,X Wndow System,X Wndow Sytem,X Wndow Sytem"
"Xanadu,Xandu,Xanad,Xandu"
"XML Query Language,XML Query Languge,XML Qury Language,XML Qury Languge"
"XML User Interface Language,XML User Interace Language,XML User Interfac Language,XML User Interace Languge"
"X2,X,X,X"
"Xalan,Xaln,Xaan,Xaln"
"x86 Architecture,x86 Archtecture,x86 Arhitecture,x86 Archtecture"
"X Client,X Cient,X Clint,X Cient"
"xSP,xP,xS,xP"
"Xen Hypervisor,Xen Hypervisr,Xen Hypervsor,Xen Hypervisr"
"X.509 Certificate,X.509 Certficate,X.509 Certficate,X.509 Certfiate"
"X.509,X50,X.509,X50"
"XPath,Xath,XPath,Xath"
"X Server,X Srever,X Serer,X Srever"
"XProtect,XProect,XProtet,XProect"
"XML Database,XML Datbase,XML Databse,XML Datbase"
"XLR Connector,XLR Connecor,XLR Conector,XLR Connecor"
"XON/XOFF,XON/XOF,XON/XOF,XON/XOF"
"XML Bomb,XML Bom,XML Bom,XML Bom"
"Xerography,Xerogrphy,Xerogrphy,Xerogrphy"
"X-Y-Z Matrix,X-Y-Z Matix,X-Y-Z Matrxi,X-Y-Z Matix"
"X-Y Matrix,X-Y Matrxi,X-Y Matix,X-Y Matrxi"
"X86,X8,X86,X8"
"Xbox,Xbo,Xbx,Xbo"
"Xvid,Xvi,Xvd,Xvi"
"x264,x24,x26,x24"
"XPath Injection,Xath Injection,XPath Injecton,Xath Injecton"
"Xavier Initialization,Xavier Initialzation,Xavier Initializtion,Xavier Initialzation"
"Yak Shaving,Yak Shving,Yk Shaving,Yk Shving"
"YMODEM,YMDEM,YMOEM,YMDEM"
"Yet Another Hierarchically Officious Oracle,Yet Another Hierarchiclly Officious Oracle,Yet Another Hierarchically Offcious Oracle,Yet Another Hierarchiclly Offcious Oracle"
"Yagi Antenna,Yag Antenna,Yagi Antena,Yag Antena"
"Yottabyte,Yotabyte,Yottabyt,Yotabyt"
"Yobibyte,Yobibyte,Yobibye,Yobibye"
"YouTube,YouTb,YouTbe,YouTb"
"Year 2000 Problem,Year 200 Problem,Yar 2000 Problem,Yar 200 Problem"
"Yoyo Mode,Yoy Mode,Yoyo Mde,Yoy Mde"
"Yoda Condition,Yod Condition,Yoda Condtion,Yod Condtion"
"Year to Date (YTD),Year to Dae (YTD),Year o Date (YTD),Year o Dae (YTD)"
"Year-Over-Year (YOY),Year-Over-Year (Y),Year-Oer-Year (YOY),Year-Oer-Year (Y)"
"Zenware,Zenare,Znware,Znare"
"Zope,Zop,Zop,Zop"
"Zombie Cookie,Zombie Cokie,Zombe Cookie,Zombe Cokie"
"Zero-Day Exploit,Zro-Day Exploit,Zero-Dy Exploit,Zro-Dy Exploit"
"Zero-Configuration Network,Zero-Configration Network,Zero-Configurtion Network,Zero-Configration Netwrk"
"Zoho Office Suite,Zoho Office Sute,Zoho Ofice Suite,Zoho Ofice Sute"
"Zerg,Zerg,Zerg,Zerg"
"Zero Administration for Windows,Zro Administration for Windows,Zero Adminstration for Windows,Zro Adminstration for Windows"
"Zero-Day Threat,Zro-Day Threat,Zero-Dy Threat,Zro-Dy Threat"
"ZigBee,ZigBe,ZigBe,ZigBe"
"Zero-Bit Insertion,Zro-Bit Insertion,Zero-Bt Insertion,Zro-Bt Insertion"
"Z-Wave,Z-Wve,Z-Wae,Z-Wve"
"Zoning,Zoning,Zonig,Zonig"
"Zend Optimizer,Zend Optimizr,Znd Optimizer,Znd Optimizr"
"Zombie Network,Zombie Netwrk,Zombe Network,Zombe Netwrk"
"Zettabyte,Zetabyte,Zettabyt,Zetabyt"
"Zebibyte,Zebibyte,Zebibye,Zebibye"
"Zucked,Zuckd,Zuckd,Zuckd"
"Zerg Rush,Zerg Rsh,Zerg Rsh,Zerg Rsh"
"Zero Client,Zro Client,Zero Clent,Zro Clent"
"Zettaflop,Zettafop,Zettalp,Zettafop"
"Zero Day Virus,Zro Day Virus,Zero Dy Virus,Zro Dy Virus"
"Zero Day,Zro Day,Zero Dy,Zro Dy"
"Zero-Day Malware,Zro-Day Malware,Zero-Dy Malware,Zro-Dy Malware"
"Zero Day Vulnerability,Zro Day Vulnerability,Zero Dy Vulnerability,Zro Dy Vulnerability"
"Zero Day Attack,Zro Day Attack,Zero Dy Attack,Zro Dy Attack"
"Zachman Framework,Zahman Framework,Zachmn Framework,Zahmn Framework"
"Zombie VM,Zombie V,Zombe VM,Zombe V"
"Z Object Publishing Environment,Z Object Publishing Enviroment,Z Objct Publishing Environment,Z Objct Publishing Enviroment"
"Zip Drive,Zp Drive,Zip Drve,Zp Drve"
"Zip Disk,Zp Disk,Zip Dsk,Zp Dsk"
"Z File System,Z File Sytem,Z File Systm,Z File Sytem"
"Zeus Trojan,Zus Trojan,Zeus Troan,Zus Troan"
"Zend Framework,Znd Framework,Zend Framwork,Znd Framwork"
"Zombie Process,Zombie Proces,Zombe Process,Zombe Proces"
"Zero Filling,Zro Filling,Zero Filng,Zro Filng"
"Zero Insertion Force Socket,Zro Insertion Force Socket,Zero Inserion Force Socket,Zro Inserion Force Socket"
"Zeta Architecture,Zeta Archtecture,Zeta Arhitecture,Zeta Archtecture"
"Zlib,Zlb,Zlb,Zlb"
"ZIP File,ZIP File,ZP File,ZP File"
